feature	importance	relative_importance
a	0.0	0.0
b	0.0	0.0
u	2.083333333333333	0.2553191489361702
v	0.7499999999999998	0.09191489361702126
x	0.33333333333333326	0.04085106382978723
z	0.08333333333333331	0.010212765957446808
