feature	importance	relative_importance
a	0.0	0.0
b	0.0	0.0
u	2.083333333333333	0.008137137897363568
v	0.7499999999999998	0.002929369643050884
x	0.33333333333333326	0.0013019420635781709
z	0.08333333333333331	0.0003254855158945427
