feature	importance	relative_importance
a	0.0	0.0
b	0.0	0.0
v	0.0	0.0
x	0.0	0.0
z	0.08333333333333331	0.03191489361702127
