source	target	importance	relative_importance
a	b	1.7499999999999998	0.6702127659574467
v	x	0.7777777777777777	0.29787234042553185
z	z	0.08333333333333331	0.03191489361702127
