source	target	importance	relative_importance
a	b	1.7499999999999998	0.21446808510638296
a	x	2.381944444444444	0.2919148936170213
u	u	2.083333333333333	0.2553191489361702
v	v	0.7499999999999998	0.09191489361702126
v	x	0.7777777777777777	0.0953191489361702
x	x	0.33333333333333326	0.04085106382978723
z	z	0.08333333333333331	0.010212765957446808
