source	target	importance	relative_importance
a	b	174.99999999999997	0.6835195833785397
u	u	2.083333333333333	0.008137137897363568
v	v	0.7499999999999998	0.002929369643050884
v	x	77.77777777777777	0.3037864815015732
x	x	0.33333333333333326	0.0013019420635781709
z	z	0.08333333333333331	0.0003254855158945427
