feature	mean_abs_shap
a	7.729067023922911
b	7.448686481453097
u	0.40534593566244853
v	5.038920996240957
x	4.377376910531209
z	0.09183590597516568
