mean_squared_error	mean_absolute_error	r2_score
1.7314520910520306	1.002846287987025	0.7358683372229965
