mean_squared_error	mean_absolute_error	r2_score
9.97041518704546	2.391312109117244	0.9581345210264374
