mean_squared_error	mean_absolute_error	r2_score
5.416465554551221	1.6801532622581528	0.7724795885688466
